79,14,11379_at_x14
79,15,11379_at_x13
79,16,11379_at_x12
79,17,11379_at_x11
79,18,11379_at_x10
79,19,11379_at_x09
79,20,11379_at_x07
79,21,11379_at_x06
79,22,11379_at_x05
79,23,11379_at_x04
79,24,11379_at_x02
79,25,11379_at_x01
79,26,11379_at_x00
78,27,11380_at_x00
78,28,11380_at_x01
78,29,11380_at_x02
78,30,11380_at_x03
78,31,11380_at_x04
78,32,11380_at_x05
78,33,11380_at_x06
78,34,11380_at_x10
78,35,11380_at_x11
78,36,11380_at_x12
78,37,11380_at_x15
77,38,11381_at_x14
77,39,11381_at_x13
77,40,11381_at_x12
77,41,11381_at_x11
77,42,11381_at_x08
77,43,11381_at_x07
77,44,11381_at_x06
77,45,11381_at_x05
77,46,11381_at_x04
77,47,11381_at_x03
77,48,11381_at_x02
75,54,11382_at_x02
69,67,11389_at_x04
69,68,11389_at_x09
66,69,11392_at_x03
64,70,11393_at_x00
64,71,11393_at_x06
64,72,11393_at_x10
64,73,11393_at_x12
64,74,11393_at_x13
61,75,11358_at_x01
59,76,11360_at_x14
59,77,11360_at_x11
57,78,11361_at_x10
57,79,11361_at_x09
57,80,11361_at_x03
45,81,11372_at_x08
32,82,3157_at_x05
31,83,11339_at_x14
11,84,11310_at_x01
10,85,11311_at_x03
10,86,11311_at_x00
9,87,11312_at_x00
5,93,11318_at_x06
6,93,11318_at_x06
5,94,11318_at_x07
6,94,11318_at_x07
81,95,11325_at_x05
93,97,11289_at_x04
93,98,11289_at_x14
95,100,11291_at_x12
97,101,11293_at_x04
97,102,11293_at_x05
97,103,11294_g_at_x00
97,104,11294_g_at_x01
97,105,11294_g_at_x03
97,106,11294_g_at_x08
97,107,11294_g_at_x09
97,108,11294_g_at_x11
99,109,11297_at_x12
100,110,11298_at_x10
104,157,11302_at_x00
104,158,11302_at_x01
115,159,11264_f_at_x09
115,160,11264_f_at_x11
230,168,7481_at_x13
213,173,7452_at_x15
204,174,7462_at_x04
203,177,2449_s_at_x03
197,178,7424_at_x08
164,182,7410_at_x11
164,183,7410_at_x09
164,184,7410_at_x05
162,185,7412_at_x14
157,187,7417_at_x03
157,188,7417_at_x02
153,189,7374_at_x08
152,190,7375_at_x15
152,191,7375_at_x14
152,192,7375_at_x08
144,194,7384_at_x03
141,195,7387_at_x06
140,196,7388_at_x02
140,197,7388_at_x03
139,198,7389_at_x15
139,199,7389_at_x02
138,200,2453_at_x03
138,201,2455_at_x06
135,204,7393_at_x15
135,205,7393_at_x14
131,206,7397_at_x07
130,207,7352_at_x05
128,208,7354_at_x10
128,209,7354_at_x06
127,210,7355_at_x02
125,213,2468_s_at_x00
125,214,7357_at_x08
125,215,7357_at_x09
244,216,7365_at_x03
244,217,7365_at_x04
247,218,7367_at_x15
247,219,7367_at_x13
247,220,7367_at_x10
271,222,7346_at_x10
276,223,7351_at_x00
284,224,7313_at_x09
293,229,7322_at_x11
297,230,7325_at_x10
302,231,7284_at_x12
304,232,7287_at_x11
305,232,7287_at_x11
306,233,7288_at_x00
308,234,7290_at_x01
310,236,7292_at_x13
310,237,7292_at_x05
312,238,7294_at_x13
312,239,7294_at_x14
312,240,7294_at_x15
313,241,7295_at_x14
316,242,7298_at_x05
318,243,7300_at_x14
318,244,7300_at_x03
322,245,7305_at_x01
323,246,7260_at_x08
329,249,7264_at_x08
329,250,7264_at_x03
330,251,7265_at_x05
334,252,7271_at_x04
336,253,7273_at_x15
336,254,7273_at_x14
336,255,7273_at_x13
336,256,7273_at_x12
336,257,7273_at_x11
336,258,7273_at_x07
365,263,7255_at_x06
365,264,7255_at_x07
367,265,7257_at_x09
369,266,7215_at_x08
370,266,7215_at_x08
372,267,7217_at_x04
378,268,7222_at_x09
379,269,7223_at_x07
379,270,7223_at_x06
383,271,2472_s_at_x03
383,272,2473_s_at_x00
383,273,2473_s_at_x02
383,274,2474_s_at_x05
384,275,7228_at_x11
385,276,7229_at_x06
386,277,7230_at_x06
386,278,7230_at_x14
387,279,7231_at_x15
387,280,2479_at_x01
387,281,2481_at_x04
389,282,7233_at_x15
391,283,7235_at_x13
391,284,7235_at_x12
394,285,7193_at_x10
401,286,7200_at_x13
410,295,7209_at_x03
441,309,7148_at_x01
442,310,7149_at_x15
445,311,7152_at_x15
448,316,7155_at_x05
448,317,7155_at_x06
451,319,7157_at_x12
456,320,7163_at_x07
457,321,7164_at_x02
467,323,7128_at_x11
467,323,7128_at_x11
470,324,7132_at_x02
470,325,7132_at_x01
473,326,7135_at_x15
474,326,7135_at_x15
474,327,7136_at_x05
476,328,7138_at_x10
477,329,7139_at_x15
477,330,7139_at_x09
477,331,7139_at_x06
478,332,7140_at_x13
498,336,7114_at_x13
509,338,7079_at_x08
513,339,7083_at_x10
521,341,7089_at_x04
522,342,7090_at_x10
522,343,7090_at_x04
524,344,7092_at_x08
525,345,2428_at_x04
527,346,7096_at_x01
528,346,7096_at_x01
533,347,7101_at_x08
534,348,7057_at_x03
612,349,6960_at_x06
596,350,6929_at_x07
596,351,6929_at_x06
588,352,6893_at_x00
581,353,6900_at_x13
571,356,6908_at_x10
572,357,6802_at_x12
566,379,6912_at_x09
654,381,6768_at_x07
654,382,6768_at_x06
654,383,6768_at_x05
666,385,6829_at_x01
666,386,6829_at_x02
671,387,6834_at_x15
672,388,6835_at_x15
685,389,6804_at_x14
691,390,6812_at_x10
691,391,6812_at_x07
699,392,6820_at_x05
699,393,6820_at_x06
701,394,6822_at_x02
705,395,6782_at_x12
706,395,6782_at_x12
705,396,6782_at_x08
706,396,6782_at_x08
720,397,6795_at_x08
998,398,6710_at_x08
990,399,6717_at_x15
983,400,6724_at_x13
981,401,6725_at_x14
981,402,6725_at_x13
981,403,6725_at_x12
981,404,6725_at_x11
981,405,6725_at_x10
981,406,6725_at_x09
981,407,6725_at_x08
981,408,6725_at_x07
981,409,6725_at_x06
981,410,6725_at_x05
981,411,6725_at_x04
981,412,6725_at_x03
981,413,6725_at_x02
981,414,6725_at_x01
974,417,6687_at_x14
975,417,6687_at_x14
974,418,6687_at_x13
975,418,6687_at_x13
971,419,6691_at_x12
969,421,6693_at_x07
968,422,6694_at_x04
968,423,6694_at_x03
966,425,6696_at_x00
965,426,6697_at_x14
965,427,6697_at_x07
965,428,6697_at_x06
964,430,6698_at_x08
964,431,6698_at_x09
961,432,6701_at_x14
958,433,6704_at_x04
958,434,6704_at_x07
957,435,6705_at_x09
957,436,6705_at_x08
954,437,6663_at_x04
950,438,6667_at_x06
947,440,6670_at_x08
943,441,6674_at_x11
931,442,6685_at_x14
928,444,6643_at_x15
928,445,6643_at_x06
928,446,6643_at_x01
927,447,6644_at_x01
922,448,2413_at_x00
922,449,2416_at_x04
922,450,2417_at_x06
918,451,6653_at_x11
916,452,6655_at_x03
915,453,6656_at_x15
915,454,6656_at_x14
905,455,6620_at_x15
902,456,6623_at_x08
903,456,6623_at_x08
902,457,6623_at_x09
903,457,6623_at_x09
900,458,6624_at_x01
901,458,6624_at_x01
900,459,6624_at_x00
901,459,6624_at_x00
900,460,6625_at_x00
899,461,6626_at_x11
898,462,6627_at_x08
897,463,6628_at_x15
893,464,6632_at_x05
889,466,6636_at_x07
885,470,6639_at_x02
885,471,6639_at_x01
883,472,6595_at_x02
850,481,6583_at_x15
848,483,6585_at_x00
847,484,6586_at_x15
844,485,6589_at_x13
841,486,6592_at_x14
836,487,6552_at_x04
832,488,6556_at_x08
755,491,6496_at_x06
756,491,6496_at_x06
753,493,6499_at_x04
753,494,6499_at_x08
750,501,6502_at_x12
748,502,6459_at_x03
748,503,6459_at_x11
747,504,6460_at_x05
747,505,6460_at_x04
1005,506,6462_at_x15
1014,509,6471_at_x08
1014,510,6471_at_x00
1019,511,6476_at_x03
1038,512,6448_at_x15
1038,513,6448_at_x14
1044,516,6453_at_x15
1044,517,6453_at_x14
1044,518,6453_at_x13
1044,519,6453_at_x12
1044,520,6453_at_x11
1044,521,6453_at_x10
1044,522,6453_at_x09
1044,523,6453_at_x08
1044,524,6453_at_x07
1044,525,6453_at_x06
1044,526,6453_at_x05
1044,527,6453_at_x04
1044,528,6453_at_x03
1044,529,6453_at_x02
1044,530,6453_at_x01
1044,531,6453_at_x00
1055,532,6418_at_x13
1064,533,6427_at_x03
1065,534,6428_at_x12
1070,536,6433_at_x13
1072,537,6435_at_x09
1072,538,6435_at_x08
1072,539,6435_at_x06
1072,540,6435_at_x04
1140,541,6323_at_x15
1142,542,6325_at_x10
1146,543,6329_at_x08
1151,544,6335_at_x13
1151,545,6335_at_x09
1171,546,6310_at_x14
1185,549,6279_at_x10
1188,550,6282_at_x03
1200,551,6294_at_x12
1214,552,6263_at_x09
1238,554,6242_at_x13
1239,554,6242_at_x13
1240,555,6243_at_x06
1241,556,6244_at_x05
1241,557,6244_at_x00
1243,558,6246_at_x13
1259,559,6216_at_x02
1259,560,6216_at_x14
1260,561,6217_at_x08
1260,562,6217_at_x10
1267,563,6224_at_x00
1326,567,6149_at_x15
1327,568,6150_at_x06
1330,570,6152_at_x13
1345,571,6121_at_x01
1361,573,6137_at_x10
1364,574,6095_at_x06
1366,575,6097_at_x14
1378,576,6109_at_x15
1396,577,6081_at_x10
1396,578,6081_at_x06
1414,579,6053_at_x12
1415,579,6053_at_x12
1418,580,6056_at_x14
1422,581,6060_at_x01
1433,582,2334_s_at_x03
1436,583,6029_at_x13
1438,584,6031_at_x02
1454,585,6048_at_x15
1454,586,6048_at_x08
1483,587,5984_at_x08
1487,588,5988_at_x06
1488,589,5989_at_x07
1494,590,5995_at_x12
1509,591,5965_at_x13
1510,592,5966_at_x12
1510,593,5966_at_x11
1516,594,5972_at_x14
1516,595,5972_at_x01
1518,596,5974_at_x13
1521,597,5978_at_x03
1522,597,5978_at_x03
1526,598,5937_at_x09
1526,599,5937_at_x10
1527,600,5938_at_x04
1528,601,5939_at_x03
1528,602,5939_at_x04
1528,603,5939_at_x05
1528,604,5939_at_x08
1528,605,5939_at_x12
1528,606,5939_at_x13
1535,607,5946_at_x00
1537,608,5925_at_x15
1542,609,5950_at_x13
1543,609,5950_at_x13
1542,610,5950_at_x12
1543,610,5950_at_x12
1544,611,5952_at_x08
1546,612,5954_at_x03
1547,613,5955_at_x12
1550,617,5913_at_x15
1551,618,5914_at_x00
1553,619,5916_at_x13
1553,620,5917_at_x01
1554,620,5917_at_x01
1560,621,3357_at_x12
1648,622,5808_i_at_x00
1648,623,5808_i_at_x01
1648,624,5808_i_at_x02
1648,625,5808_i_at_x03
1648,626,5808_i_at_x04
1648,627,5808_i_at_x05
1648,628,5808_i_at_x06
1648,629,5808_i_at_x07
1647,630,5809_i_at_x02
1644,634,5813_at_x00
1641,635,5814_at_x01
1641,636,5814_at_x00
1638,637,5769_at_x01
1637,638,5770_at_x06
1637,639,5770_at_x05
1633,640,5774_at_x04
1631,641,5775_at_x15
1631,642,5775_at_x14
1630,643,5777_at_x02
1630,644,5777_at_x03
1630,645,5777_at_x04
1630,646,5777_at_x10
1628,648,5779_at_x08
1627,649,5780_at_x10
1627,650,5780_at_x07
1627,651,5780_at_x00
1614,652,5747_at_x04
1610,653,5751_at_x15
1610,654,5751_at_x13
1597,655,5762_at_x11
1592,656,2276_at_x03
1590,657,5724_at_x00
1590,658,5724_at_x01
1590,659,5724_at_x04
1590,660,5724_at_x06
1590,661,5724_at_x07
1590,662,5724_at_x08
1590,663,5724_at_x09
1590,664,5724_at_x10
1590,665,5724_at_x11
1590,666,5724_at_x12
1660,671,5706_at_x13
1660,672,5706_at_x14
1668,673,5714_at_x03
1674,675,5719_at_x06
1674,676,5719_at_x13
1673,677,5720_at_x02
1673,678,5720_at_x01
1675,683,5721_at_x05
1675,684,5721_at_x06
1675,685,5721_at_x11
1677,686,5723_at_x06
1677,687,5723_at_x07
1677,688,5723_at_x13
1677,689,5723_at_x14
1678,690,5678_at_x00
1681,691,5681_at_x09
1683,692,5683_at_x05
1688,693,5688_at_x05
1690,694,5690_at_x09
1690,695,5690_at_x10
1692,705,5692_at_x05
1692,706,5692_at_x06
1697,707,5695_at_x09
1698,708,5696_at_x10
1703,709,5656_at_x13
1704,710,5499_at_x00
1704,711,5499_at_x01
1704,712,5499_at_x02
1704,713,5657_at_x04
1704,714,5499_at_x03
1706,715,5658_at_x15
1706,716,5658_at_x14
1706,717,5658_at_x09
1706,718,5658_at_x06
1790,732,5601_at_x14
1804,733,5569_at_x12
1807,735,2284_at_x06
1821,737,5584_at_x06
1830,738,5544_at_x08
1836,739,2298_at_x03
1837,740,5550_at_x06
1842,742,5555_at_x09
1842,743,5555_at_x08
1846,746,5558_at_x07
1850,747,5562_at_x02
1853,748,2308_at_x07
1853,749,2224_at_x00
1856,751,5522_at_x00
1861,753,5528_at_x11
1864,754,5531_at_x15
1866,755,5533_at_x00
1867,756,5534_at_x02
1867,757,5534_at_x03
1868,758,5535_at_x11
1868,759,5535_at_x08
1871,760,5537_at_x01
1871,761,5537_at_x02
1871,762,5537_at_x03
1871,763,5537_at_x04
1871,764,5537_at_x05
1871,765,5537_at_x06
1871,766,5537_at_x07
1871,767,5537_at_x08
1871,768,5537_at_x09
1871,769,5537_at_x10
1871,770,5537_at_x11
1871,771,5537_at_x12
1871,772,5537_at_x13
1871,773,5537_at_x14
1871,774,5537_at_x15
1944,775,3326_at_x07
1944,776,3326_at_x08
1937,786,5424_at_x15
1937,787,5424_at_x00
1936,788,5425_at_x05
1936,789,5425_at_x10
1936,790,5425_at_x11
1932,794,5429_at_x02
1931,795,5430_at_x11
1931,796,5430_at_x01
1930,797,5431_at_x14
1928,798,5433_at_x10
1926,799,5435_at_x15
1926,800,5435_at_x14
1926,801,5435_at_x13
1925,802,5389_at_x12
1925,803,5389_at_x11
1925,804,5389_at_x10
1924,805,5312_s_at_x13
1919,809,5394_at_x11
1914,810,2230_at_x00
1914,811,2230_at_x02
1912,813,5318_s_at_x05
1910,814,5401_at_x10
1909,815,5402_at_x11
1908,816,5403_at_x12
1907,817,5404_at_x06
1906,818,5405_at_x07
1906,819,5405_at_x06
1899,820,5411_at_x14
1899,821,5411_at_x10
1899,822,5411_at_x09
1899,823,5411_at_x04
1895,837,5370_at_x07
1892,838,5372_at_x03
1879,839,5384_at_x08
1879,840,5384_at_x14
1950,850,5388_at_x13
1952,851,5345_at_x10
1953,852,5346_at_x05
1957,853,5350_at_x09
1960,854,5353_at_x00
1961,855,5354_at_x08
1961,856,5354_at_x09
1961,857,5354_at_x10
1964,861,5356_at_x15
1964,862,5356_at_x14
1964,863,5356_at_x13
1965,864,5357_at_x01
1966,865,5358_at_x11
1966,866,5358_at_x07
1976,867,5323_at_x14
1976,868,5323_at_x13
1976,869,5323_at_x03
1977,870,5324_at_x02
1987,872,5334_at_x15
1987,873,5334_at_x14
1987,874,5334_at_x02
1990,875,5336_at_x09
1992,876,5338_at_x08
1992,877,5338_at_x07
1995,879,5341_at_x03
1996,880,5342_at_x05
1997,881,5343_at_x02
1998,882,5299_at_x14
2000,883,5301_at_x13
2007,884,5307_at_x14
2007,885,5307_at_x13
2007,886,5307_at_x11
2010,887,5309_at_x15
2290,888,5297_at_x09
2284,897,5254_i_at_x00
2284,898,5254_i_at_x01
2283,899,5256_at_x15
2283,900,5256_at_x07
2283,901,5256_at_x00
2282,902,5257_at_x00
2281,914,2252_g_at_x05
2281,915,2252_g_at_x07
2280,916,5259_at_x15
2268,917,5271_at_x02
2261,919,5233_at_x03
2262,919,5233_at_x03
2261,920,5233_at_x04
2262,920,5233_at_x04
2251,922,5243_at_x06
2252,923,5244_at_x04
2252,924,5244_at_x05
2241,925,5208_at_x01
2242,925,5208_at_x01
2236,926,5214_at_x05
2236,927,5214_at_x08
2233,929,5217_at_x03
2233,930,5217_at_x07
2233,931,5217_at_x08
2232,932,5218_at_x13
2231,933,2256_at_x01
2230,934,5220_at_x02
2229,940,5221_at_x11
2226,941,5224_at_x14
2222,942,5228_at_x05
2222,943,5228_at_x15
2220,948,2263_g_at_x07
2220,949,2264_s_at_x03
2220,950,2265_s_at_x02
2220,951,2265_s_at_x05
2220,952,2180_s_at_x02
2220,953,2181_s_at_x03
2220,954,5184_at_x02
2220,955,5184_at_x09
2220,956,5184_at_x13
2220,957,5184_at_x14
2218,959,5186_at_x13
2218,960,5186_at_x12
2217,961,5187_at_x08
2217,962,5187_at_x09
2159,974,5154_at_x15
2136,975,5131_at_x08
2135,976,5132_at_x07
2128,977,5094_at_x08
2093,979,5084_at_x13
2094,979,5084_at_x13
2078,980,5054_at_x01
2078,981,5054_at_x02
2078,982,5054_at_x03
2078,983,5054_at_x04
2078,984,5054_at_x05
2078,985,5054_at_x06
2078,986,5054_at_x08
2078,987,5054_at_x09
2078,988,5054_at_x10
2078,989,5054_at_x11
2078,990,5054_at_x12
2078,991,5054_at_x13
2078,992,5054_at_x14
2078,993,5054_at_x15
2077,994,5055_at_x04
2077,995,5055_at_x08
2077,996,5055_at_x09
2077,997,5055_at_x12
2077,998,5055_at_x13
2077,999,5055_at_x14
2076,1000,5056_at_x00
2076,1001,5056_at_x01
2076,1002,5056_at_x02
2076,1003,5056_at_x03
2076,1004,5056_at_x04
2076,1005,5056_at_x05
2076,1006,5056_at_x06
2073,1007,5059_at_x10
2071,1008,5061_at_x01
2070,1009,5062_at_x11
2063,1010,5024_at_x11
2062,1011,5025_at_x05
2060,1012,5027_at_x06
2060,1013,5027_at_x05
2058,1014,5029_at_x07
2049,1015,5038_at_x05
2050,1015,5038_at_x05
2045,1016,5042_at_x13
2042,1018,5045_at_x01
2028,1019,5013_at_x15
2292,1021,5019_at_x05
2292,1022,5019_at_x04
2293,1023,5020_at_x08
2296,1024,5023_at_x00
2302,1025,4985_at_x15
2307,1026,4990_at_x00
2312,1027,4995_at_x06
2313,1027,4995_at_x06
2313,1028,4996_at_x03
2318,1029,4956_at_x13
2322,1030,4959_at_x15
2322,1030,4959_at_x15
2325,1031,4961_at_x09
2325,1032,4961_at_x08
2341,1033,4977_at_x13
2358,1034,4949_at_x12
2378,1035,4924_at_x10
2394,1037,4894_at_x13
2394,1038,4894_at_x12
2394,1039,4894_at_x11
2399,1040,4899_at_x00
2439,1082,4848_at_x02
2439,1083,4848_at_x01
2440,1084,4849_at_x04
2441,1085,4850_at_x02
2442,1086,4852_s_at_x05
2443,1086,4852_s_at_x05
2443,1087,4853_at_x01
2443,1088,4853_at_x00
2448,1089,4858_at_x11
2449,1090,4859_at_x14
2449,1091,4859_at_x13
2460,1095,4823_at_x00
2471,1096,4834_at_x11
2471,1097,4834_at_x10
2473,1098,4836_at_x08
2474,1099,4837_at_x12
2476,1100,2142_at_x01
2476,1101,2142_at_x03
2476,1102,2143_at_x02
2476,1103,2147_at_x01
2482,1104,4800_at_x15
2482,1105,4800_at_x12
2483,1106,4801_at_x10
2486,1107,4804_at_x15
2487,1108,4805_at_x15
2492,1109,4810_at_x09
2499,1112,4817_at_x04
2500,1113,4818_at_x05
2501,1114,4774_at_x06
2501,1115,4774_at_x05
2501,1116,4774_at_x04
2503,1117,4776_at_x05
2503,1118,4776_at_x14
2514,1120,4788_at_x00
2514,1121,4788_at_x07
2514,1122,4788_at_x12
2517,1123,4791_at_x07
2519,1124,4793_at_x02
2519,1125,4793_at_x03
2522,1126,4796_at_x03
2522,1127,4796_at_x07
2522,1128,4796_at_x08
2524,1129,4752_at_x09
2525,1130,4753_at_x15
2525,1131,2158_at_x06
2543,1140,4771_at_x08
2571,1145,4708_at_x08
2573,1146,4710_at_x00
2576,1151,4713_at_x06
2579,1152,4716_at_x15
2581,1153,4718_at_x02
2582,1154,4719_at_x02
2582,1155,4720_at_x04
2583,1155,4720_at_x04
2588,1156,3234_at_x15
2588,1157,3234_at_x14
2588,1158,3234_at_x13
2588,1159,3234_at_x12
2588,1160,3234_at_x11
2588,1161,3234_at_x10
2588,1162,3234_at_x09
2588,1163,3234_at_x08
2588,1164,3234_at_x07
2588,1165,3234_at_x06
2588,1166,3234_at_x05
2588,1167,3234_at_x02
2588,1168,3234_at_x01
2588,1169,3234_at_x00
2647,1187,3189_i_at_x01
2647,1188,3189_i_at_x02
2647,1189,3189_i_at_x05
2647,1190,3189_i_at_x06
2647,1191,3189_i_at_x07
2647,1192,3189_i_at_x08
2647,1193,3189_i_at_x10
2647,1194,3189_i_at_x11
2647,1195,3188_at_x01
2647,1196,3188_at_x02
2647,1197,3188_at_x03
2647,1198,3188_at_x04
2647,1199,3188_at_x05
2647,1200,3188_at_x06
2647,1201,3188_at_x07
2647,1202,3188_at_x08
2647,1203,3188_at_x09
2647,1204,3188_at_x10
2647,1205,3188_at_x11
2647,1206,3188_at_x12
2647,1207,3188_at_x13
2647,1208,3188_at_x14
2647,1209,3188_at_x15
2646,1210,4562_at_x15
2646,1211,4562_at_x14
2646,1212,4562_at_x13
2646,1213,4562_at_x11
2646,1214,4562_at_x10
2646,1215,4562_at_x09
2646,1216,4562_at_x08
2646,1217,4562_at_x07
2646,1218,4562_at_x05
2646,1219,4562_at_x04
2646,1220,4562_at_x02
2646,1221,4562_at_x01
2646,1222,4562_at_x00
2612,1236,4545_at_x13
2611,1237,4546_at_x04
2607,1238,4550_at_x02
2607,1239,4550_at_x03
2607,1240,4550_at_x04
2603,1242,4554_at_x03
2603,1243,4554_at_x02
2603,1244,4554_at_x00
2602,1245,4555_at_x10
2602,1246,4555_at_x08
2600,1248,4556_at_x05
2662,1256,4530_at_x00
2663,1257,4531_at_x10
2667,1258,4535_at_x14
2667,1259,4535_at_x13
2667,1260,4535_at_x12
2669,1261,4537_at_x14
2673,1262,4495_at_x03
2673,1263,4495_at_x04
2673,1264,4495_at_x07
2673,1265,4495_at_x13
2674,1265,4495_at_x13
2673,1266,4496_at_x14
2674,1266,4496_at_x14
2674,1267,4496_at_x06
2674,1268,2107_at_x02
2675,1269,2109_g_at_x02
2675,1270,2110_s_at_x07
2675,1271,2112_s_at_x01
2675,1272,2112_s_at_x05
2675,1273,2113_s_at_x00
2675,1274,2114_s_at_x03
2686,1284,4507_at_x08
2686,1285,4507_at_x13
2687,1286,4508_at_x14
2692,1287,4513_at_x10
2692,1288,4513_at_x10
2694,1289,4469_at_x04
2694,1290,4469_at_x09
2697,1291,4472_s_at_x03
2705,1294,4480_at_x12
2705,1295,4480_at_x15
2709,1296,4484_s_at_x02
2717,1297,4489_at_x00
2719,1298,4491_at_x08
2757,1299,4431_at_x09
2761,1300,2128_s_at_x04
2761,1301,2129_s_at_x04
2766,1302,4442_at_x03
2777,1303,4408_at_x08
2811,1304,4395_at_x11
2811,1305,4395_at_x10
2811,1306,4395_at_x09
2811,1307,4395_at_x00
2817,1308,4356_at_x12
2831,1312,4370_at_x04
2834,1313,4372_at_x00
2834,1314,4372_at_x01
2835,1315,4373_at_x10
2844,1316,4337_at_x04
2877,1317,4321_at_x08
2879,1320,4322_at_x02
2880,1321,11396_g_at_x00
2880,1322,11396_g_at_x02
2880,1323,11396_g_at_x05
2880,1324,11396_g_at_x06
2880,1325,11396_g_at_x07
3052,1348,4251_at_x08
3052,1349,4251_at_x02
3050,1350,4253_i_at_x00
3048,1351,4255_at_x03
3047,1352,4256_at_x15
3046,1353,4257_at_x00
3046,1354,4257_at_x05
3046,1355,4257_at_x06
3044,1356,4259_at_x14
3041,1357,4216_at_x04
3040,1358,4217_at_x08
3034,1359,4223_at_x03
3034,1360,4223_at_x02
3034,1361,4223_at_x01
3034,1362,4223_at_x00
3032,1363,4225_at_x05
3022,1364,4235_at_x10
3022,1365,4235_at_x11
3022,1366,4235_at_x12
3020,1367,4192_at_x12
3018,1371,4194_at_x00
3012,1372,4199_at_x06
2991,1374,4174_at_x10
2991,1375,4174_at_x11
2991,1376,4174_at_x15
2990,1377,4175_at_x00
2988,1378,4177_at_x08
2988,1379,4177_at_x12
2987,1380,4178_at_x14
2985,1381,4180_at_x06
2979,1383,4186_at_x12
2964,1384,4045_s_at_x07
2962,1385,4153_at_x08
2961,1386,4154_at_x07
2959,1387,4156_at_x06
2957,1388,4157_at_x00
2958,1388,4157_at_x00
2952,1391,4163_at_x11
2949,1392,4166_at_x10
2948,1393,4167_at_x07
2942,1396,4126_at_x01
2940,1397,4128_at_x12
2937,1398,4131_at_x05
2934,1399,4134_at_x01
2931,1400,4137_at_x06
2926,1401,4141_at_x01
2919,1402,4101_at_x08
2919,1403,4101_at_x07
2909,1404,4109_at_x12
2904,1414,4114_at_x00
2904,1415,4114_at_x02
2902,1416,4118_at_x07
3087,1419,11432_at_x03
3088,1420,11436_s_at_x01
3102,1425,4041_at_x02
3105,1426,4057_at_x05
3106,1427,4058_at_x11
3109,1428,4060_at_x03
3111,1429,4062_at_x08
3111,1430,4062_at_x07
3113,1431,4064_at_x02
3118,1432,4068_at_x07
3119,1433,4069_at_x15
3120,1434,4070_at_x12
3120,1435,4070_at_x01
3126,1437,4075_at_x02
3129,1438,4077_at_x15
3129,1439,4077_at_x14
3129,1440,4077_at_x13
3129,1441,4077_at_x11
3129,1442,4077_at_x10
3129,1443,4077_at_x09
3129,1444,4077_at_x07
3129,1445,4077_at_x06
3129,1446,4077_at_x05
3129,1447,4077_at_x02
3129,1448,4077_at_x01
3130,1449,4078_i_at_x04
3130,1450,4078_i_at_x03
3130,1451,4078_i_at_x02
3130,1452,4078_i_at_x01
3130,1453,4078_i_at_x00
3130,1454,4032_f_at_x15
3130,1455,4032_f_at_x14
3130,1456,4032_f_at_x13
3130,1457,4032_f_at_x12
3130,1458,4032_f_at_x11
3130,1459,4032_f_at_x10
3358,1460,11254_at_x00
3358,1461,11254_at_x01
3358,1462,11254_at_x02
3358,1463,11254_at_x03
3358,1464,11254_at_x04
3358,1465,11254_at_x05
3358,1466,11254_at_x06
3358,1467,11254_at_x07
3358,1468,11254_at_x08
3358,1469,11254_at_x09
3358,1470,11254_at_x11
3358,1471,11254_at_x12
3358,1472,11254_at_x13
3358,1473,11254_at_x14
3358,1474,11254_at_x15
3357,1475,11255_at_x00
3357,1476,11255_at_x01
3357,1477,11255_at_x02
3357,1478,11255_at_x03
3357,1479,11255_at_x05
3357,1480,11255_at_x06
3357,1481,11255_at_x07
3357,1482,11255_at_x08
3357,1483,11255_at_x09
3357,1484,11255_at_x10
3357,1485,11255_at_x11
3357,1486,11255_at_x12
3357,1487,11255_at_x14
3357,1488,11255_at_x15
3356,1489,11256_at_x15
3356,1490,11256_at_x14
3356,1491,11256_at_x11
3356,1492,11256_at_x02
3356,1493,11256_at_x01
3356,1494,11256_at_x00
3355,1495,11257_at_x10
3355,1496,11257_at_x07
3354,1497,11258_at_x09
3352,1498,11260_at_x12
3352,1499,11260_at_x11
3351,1500,11215_at_x14
3349,1501,11217_at_x07
3348,1502,11218_at_x15
3347,1503,3116_at_x03
3344,1504,11222_at_x06
3340,1505,11226_at_x02
3339,1506,11227_at_x08
3338,1507,11228_at_x08
3337,1508,11229_at_x08
3336,1509,11230_at_x08
3334,1510,11231_at_x04
3335,1510,11231_at_x04
3327,1511,11193_at_x15
3326,1512,11194_at_x13
3326,1513,11194_at_x14
3323,1514,11197_at_x12
3322,1515,11198_at_x14
3322,1516,11198_at_x12
3322,1517,11198_at_x11
3322,1518,11198_at_x06
3321,1519,11199_at_x00
3319,1520,11201_at_x14
3318,1521,11202_at_x15
3313,1522,11210_at_x15
3313,1523,11210_at_x05
3311,1524,11212_at_x06
3311,1525,11212_at_x04
3311,1526,11212_at_x03
3310,1527,11213_at_x15
3310,1528,11213_at_x14
3304,1529,11174_at_x09
3304,1530,11174_at_x08
3303,1531,11175_at_x10
3298,1533,11180_at_x06
3297,1534,11181_at_x05
3295,1535,11182_at_x08
3293,1536,11184_at_x10
3291,1537,11186_at_x00
3291,1538,11186_at_x01
3288,1539,11189_at_x01
3280,1540,11152_g_at_x10
3281,1540,11152_g_at_x10
3280,1541,11153_at_x09
3279,1542,11154_at_x10
3279,1543,11154_at_x15
3270,1547,11163_at_x15
3262,1548,11124_at_x11
3262,1549,11124_at_x10
3255,1550,11130_at_x00
3256,1550,11130_at_x00
3255,1551,11131_at_x05
3248,1553,3048_at_x06
3246,1554,11140_at_x06
3231,1556,3058_s_at_x02
3229,1557,11112_at_x08
3210,1558,11086_at_x01
3197,1559,11098_at_x00
3195,1560,11100_at_x14
3195,1561,11100_at_x13
3191,1564,11059_at_x01
3188,1565,11062_at_x04
3187,1566,11063_at_x05
3185,1567,11065_at_x02
3183,1568,11066_at_x15
3182,1569,11067_at_x08
3176,1570,3062_at_x07
3172,1572,11077_at_x11
3166,1574,11038_at_x04
3166,1575,11038_at_x00
3163,1576,11041_at_x12
3163,1577,11041_at_x13
3158,1578,11046_at_x08
3158,1579,11047_at_x00
3156,1580,11050_at_x03
3144,1581,11014_at_x12
3144,1582,11014_at_x11
3144,1583,11014_at_x09
3138,1584,11022_at_x08
3370,1585,11028_at_x11
3370,1586,11028_at_x15
3372,1591,11030_at_x08
3372,1592,11030_at_x13
3372,1593,11030_at_x14
3372,1594,11030_at_x15
3378,1595,10990_at_x14
3381,1596,10993_at_x12
3386,1597,10998_at_x03
3386,1598,10999_at_x03
3389,1599,11002_at_x02
3389,1600,11002_at_x01
3395,1612,11007_at_x11
3397,1613,11009_at_x02
3398,1614,10966_at_x11
3399,1614,10966_at_x11
3398,1615,10966_at_x12
3399,1615,10966_at_x12
3400,1616,10967_at_x13
3402,1617,10969_at_x03
3402,1618,10969_at_x04
3403,1619,10970_at_x14
3403,1620,10970_at_x05
3403,1621,3074_at_x05
3403,1622,3074_at_x07
3403,1623,3077_at_x00
3415,1624,10982_at_x13
3416,1625,10983_at_x13
3417,1626,10984_at_x06
3418,1627,10985_at_x02
3430,1631,10952_at_x08
3432,1632,10955_at_x05
3433,1632,10955_at_x05
3433,1633,10955_at_x11
3434,1634,10956_at_x11
3435,1635,10957_at_x01
3435,1636,10957_at_x00
3436,1637,10958_at_x13
3436,1638,10958_at_x14
3438,1639,10960_at_x11
3440,1641,10962_at_x12
3441,1642,10920_at_x00
3441,1643,10920_at_x01
3441,1644,10964_at_x06
3442,1644,10964_at_x06
3443,1645,10921_at_x10
3445,1646,10923_at_x00
3445,1647,10923_at_x14
3448,1648,10927_at_x12
3449,1648,10927_at_x12
3449,1649,10927_at_x00
3453,1650,3011_s_at_x06
3454,1651,10931_at_x15
3455,1652,10932_at_x09
3459,1653,10936_at_x15
3465,1654,10942_at_x05
3469,1658,10900_at_x01
3469,1659,10900_at_x02
3470,1660,10901_at_x06
3470,1661,10901_at_x07
3482,1662,10913_at_x03
3757,1669,3854_f_at_x05
3752,1670,10792_at_x09
3750,1675,10794_at_x06
3748,1678,10796_at_x08
3746,1679,10798_at_x09
3741,1680,10803_at_x05
3740,1685,10804_at_x08
3726,1686,10769_at_x04
3722,1687,10774_at_x00
3722,1688,10774_at_x02
3722,1689,10774_at_x03
3717,1690,10779_at_x00
3717,1691,10779_at_x04
3715,1697,2968_s_at_x00
3710,1698,10742_at_x01
3711,1698,10742_at_x01
3707,1699,10745_at_x02
3706,1700,10746_at_x11
3704,1701,10748_at_x02
3701,1702,10751_at_x09
3696,1706,10755_at_x15
3695,1707,10756_at_x01
3695,1708,10757_at_x04
3693,1714,10757_at_x04
3691,1715,10759_at_x07
3678,1716,10726_at_x09
3672,1723,10732_at_x15
3662,1724,10697_at_x08
3663,1724,10697_at_x08
3656,1725,10703_at_x13
3655,1726,10704_at_x06
3654,1727,10705_g_at_x13
3655,1727,10705_g_at_x13
3654,1728,10705_g_at_x14
3655,1728,10705_g_at_x14
3653,1729,10707_at_x13
3653,1730,10707_at_x03
3650,1731,10710_at_x10
3649,1732,10711_at_x00
3650,1732,10711_at_x00
3649,1733,10711_at_x01
3650,1733,10711_at_x01
3648,1738,10712_at_x14
3647,1739,10713_at_x01
3646,1740,10669_at_x07
3641,1741,10674_at_x03
3641,1742,10674_at_x01
3639,1743,10676_at_x00
3637,1744,10678_at_x06
3632,1745,10682_at_x04
3632,1746,10682_at_x03
3632,1747,10682_at_x02
3627,1748,10687_at_x08
3623,1750,10691_at_x04
3621,1751,10647_at_x07
3620,1752,10648_at_x05
3619,1753,10649_at_x07
3602,1754,10668_at_x04
3597,1756,10628_at_x15
3595,1757,10630_at_x12
3573,1758,10607_at_x03
3556,1760,10623_at_x08
3557,1760,10623_at_x08
3556,1761,10622_at_x08
3557,1761,10622_at_x08
3556,1762,10623_at_x07
3557,1762,10623_at_x07
3554,1763,10580_at_x08
3554,1764,10580_at_x09
3553,1765,10581_at_x11
3553,1766,10581_at_x10
3553,1767,10581_at_x07
3552,1768,10582_at_x07
3552,1769,10582_at_x06
3551,1770,10583_at_x10
3549,1771,10585_at_x05
3549,1772,10585_at_x04
3549,1773,10585_at_x03
3548,1774,10586_at_x12
3548,1775,10586_at_x01
3543,1778,10590_at_x00
3536,1779,10597_at_x09
3761,1781,10567_at_x08
3779,1783,10539_at_x08
3781,1784,10541_at_x13
3792,1785,10552_at_x14
3792,1786,10552_at_x15
3793,1787,10553_at_x08
3794,1788,10554_at_x05
3801,1789,10516_at_x10
3808,1791,10523_at_x06
3808,1792,10523_at_x07
3809,1793,10524_at_x01
3811,1795,2981_at_x07
3811,1796,2988_at_x07
3815,1799,10530_at_x00
3815,1800,10530_at_x08
3817,1802,10531_at_x07
3817,1803,10531_at_x15
3823,1804,10491_at_x08
3828,1805,10496_at_x03
3832,1806,10500_at_x01
3832,1807,10500_at_x00
3836,1808,10504_at_x06
3837,1809,10505_at_x01
3840,1810,10508_at_x12
3840,1811,10508_at_x07
3842,1812,10464_at_x00
3848,1813,10470_at_x12
3849,1814,10471_at_x14
3849,1815,10471_at_x05
3849,1816,10471_at_x02
3849,1817,10471_at_x01
3849,1818,10471_at_x00
3852,1823,2995_s_at_x07
3852,1824,2997_s_at_x07
3853,1825,10477_g_at_x00
3853,1826,10477_g_at_x01
3854,1827,10478_at_x10
3855,1828,10479_at_x07
3859,1837,3002_g_at_x00
3859,1838,3002_g_at_x01
3859,1839,3002_g_at_x03
3859,1840,3002_g_at_x04
3859,1841,3002_g_at_x05
3859,1842,3002_g_at_x06
3859,1843,3002_g_at_x07
3859,1844,2917_s_at_x00
3859,1845,2917_s_at_x01
3859,1846,2917_s_at_x02
3859,1847,2917_s_at_x04
3859,1848,2917_s_at_x05
3859,1849,2917_s_at_x07
3859,1850,2918_s_at_x00
3859,1851,2918_s_at_x03
3859,1852,2918_s_at_x04
3859,1853,2918_s_at_x05
3859,1854,2918_s_at_x06
3859,1855,2918_s_at_x07
3859,1856,2919_s_at_x00
3859,1857,2919_s_at_x01
3859,1858,2919_s_at_x02
3859,1859,2919_s_at_x03
3859,1860,2919_s_at_x04
3859,1861,2919_s_at_x05
3859,1862,2919_s_at_x06
3859,1863,2919_s_at_x07
3859,1864,10483_at_x00
3859,1865,10483_at_x01
3859,1866,10483_at_x02
3859,1867,10483_at_x03
3859,1868,10483_at_x04
3859,1869,10483_at_x05
3859,1870,10483_at_x06
3859,1871,10483_at_x07
3859,1872,10483_at_x08
3859,1873,10483_at_x09
3859,1874,10483_at_x10
3859,1875,10483_at_x11
3859,1876,10483_at_x13
3859,1877,10483_at_x14
3859,1878,10483_at_x15
3860,1904,2924_g_at_x00
3860,1905,2924_g_at_x01
3860,1906,2924_g_at_x02
3860,1907,2924_g_at_x03
3860,1908,2924_g_at_x05
3860,1909,2924_g_at_x06
3860,1910,2925_s_at_x00
3860,1911,2925_s_at_x01
3860,1912,2925_s_at_x02
3860,1913,2925_s_at_x04
3860,1914,2925_s_at_x05
3860,1915,2925_s_at_x06
3860,1916,2925_s_at_x07
3860,1917,2926_s_at_x03
3860,1918,2926_s_at_x04
3860,1919,2926_s_at_x06
3860,1920,2926_s_at_x07
3860,1921,2927_s_at_x00
3860,1922,2927_s_at_x02
3860,1923,2927_s_at_x03
3860,1924,2927_s_at_x04
3860,1925,2927_s_at_x05
3860,1926,10484_at_x03
3860,1927,10484_at_x04
3860,1928,10484_at_x06
3860,1929,10484_at_x07
3860,1930,10484_at_x09
3860,1931,10484_at_x10
3860,1932,10484_at_x11
3860,1933,10484_at_x12
3860,1934,10484_at_x13
3860,1935,10484_at_x14
3860,1936,10484_at_x15
3861,1937,10485_at_x01
3861,1938,10485_at_x02
3861,1939,10485_at_x03
3861,1940,10485_at_x04
3861,1941,10485_at_x05
3861,1942,10485_at_x06
3861,1943,10485_at_x07
3861,1944,10485_at_x08
3861,1945,10485_at_x09
3861,1946,10485_at_x10
3861,1947,10485_at_x11
3861,1948,10485_at_x13
3861,1949,10485_at_x14
3861,1950,10485_at_x15
3934,1955,10417_at_x12
3934,1956,10417_at_x05
3932,1957,10373_at_x02
3931,1958,10374_at_x00
3927,1959,10378_at_x13
3917,1960,2932_at_x01
3917,1961,2934_at_x00
3916,1963,10392_at_x07
3916,1964,10392_at_x06
3916,1965,10392_at_x05
3916,1966,10392_at_x04
3916,1967,10392_at_x03
3915,1968,10393_at_x15
3915,1969,10393_at_x11
3914,1970,10394_at_x01
3912,1971,10351_at_x05
3912,1972,10351_at_x06
3905,1973,10358_at_x06
3901,1979,10362_at_x10
3899,1980,10364_at_x10
3895,1981,9868_at_x08
3894,1982,9868_at_x08
3893,1983,10371_at_x03
3892,1984,10372_at_x02
3888,1985,10331_at_x04
3885,1986,10334_at_x04
3879,1987,10340_at_x07
3969,1989,10323_at_x15
3976,1990,10286_at_x13
3988,1991,10298_at_x05
3988,1992,10298_at_x03
3989,1993,10299_at_x07
3993,1994,10260_at_x09
3994,1995,10261_at_x14
3994,1996,10261_at_x15
3995,1997,10262_at_x05
3996,1998,10263_at_x14
3998,1999,10265_at_x10
3999,2000,10266_at_x05
4001,2001,10268_at_x01
4001,2002,10268_at_x00
4005,2003,10272_at_x01
4006,2004,10273_at_x08
4012,2005,10279_at_x15
4012,2006,10279_at_x12
4016,2007,10238_at_x12
4016,2008,10238_at_x00
4022,2009,10244_at_x01
4024,2010,10246_at_x13
4024,2011,10246_at_x12
4030,2012,10252_at_x01
4030,2013,10252_at_x04
4032,2014,10254_at_x03
4034,2015,10256_at_x15
4035,2016,10257_at_x00
4054,2018,10230_at_x00
4058,2019,10234_at_x06
4059,2021,10235_at_x05
4064,2022,10194_at_x06
4083,2023,10170_g_at_x15
4084,2023,10170_g_at_x15
4099,2041,10185_s_at_x15
4099,2042,10185_s_at_x12
4099,2043,10185_s_at_x10
4099,2044,10185_s_at_x08
4099,2045,10185_s_at_x06
4099,2046,10185_s_at_x05
4099,2047,10185_s_at_x04
4099,2048,10185_s_at_x00
4100,2049,10186_s_at_x02
4100,2050,10186_s_at_x03
4100,2051,10186_s_at_x04
4100,2052,10186_s_at_x05
4100,2053,10186_s_at_x06
4100,2054,10186_s_at_x07
4100,2055,10186_s_at_x08
4100,2056,10186_s_at_x09
4100,2057,10186_s_at_x11
4100,2058,10186_s_at_x14
4113,2063,10149_at_x04
4113,2064,10149_at_x05
4114,2064,10149_at_x05
4116,2065,10152_at_x09
4116,2066,10152_at_x07
4118,2067,10154_at_x12
4120,2068,10156_at_x15
4120,2069,10156_at_x06
4124,2071,10160_at_x05
4125,2072,10162_at_x15
4149,2073,10143_at_x05
4149,2074,10143_at_x03
4149,2075,10143_at_x01
4150,2076,10144_at_x01
4158,2077,10106_at_x10
4167,2078,10115_at_x03
4175,2079,10079_at_x10
4176,2079,10079_at_x10
4179,2080,10083_g_at_x15
4180,2080,10083_g_at_x15
4179,2081,10083_g_at_x08
4180,2081,10083_g_at_x08
4180,2082,10084_at_x10
4180,2083,10084_at_x07
4192,2087,2911_s_at_x03
4196,2088,10100_at_x04
4197,2089,10055_at_x07
4197,2090,10055_at_x11
4205,2093,10063_i_at_x02
4206,2093,10063_i_at_x02
4208,2094,10067_at_x14
4208,2095,10067_at_x15
4211,2096,10070_at_x08
4213,2098,10072_at_x12
4215,2099,10074_at_x01
4219,2102,10078_at_x14
4219,2103,10078_at_x13
4220,2104,10032_at_x02
4220,2105,10032_at_x03
4220,2106,10032_at_x11
4223,2107,10035_at_x13
4226,2108,10040_at_x15
4227,2108,10040_at_x15
4228,2109,10041_at_x14
4228,2110,10041_at_x13
4228,2111,10041_at_x07
4228,2112,10041_at_x06
4228,2113,10041_at_x05
4231,2114,10044_at_x09
4231,2115,10044_at_x10
4232,2118,10045_at_x07
4235,2120,10048_at_x12
4235,2121,10048_at_x11
4235,2122,10048_at_x10
4241,2124,10054_at_x03
4241,2125,10054_at_x02
4242,2126,10010_at_x00
4250,2127,10018_at_x15
4253,2128,10021_at_x01
4253,2129,10021_at_x05
4255,2130,10023_at_x05
4255,2131,10023_at_x11
4258,2132,10026_at_x00
4259,2133,10027_at_x08
4260,2134,9870_s_at_x04
4260,2135,9870_s_at_x15
4261,2136,10028_at_x15
4262,2137,10029_at_x11
4262,2138,10029_at_x01
4265,2139,9986_at_x15
4267,2140,2912_at_x02
4269,2141,9991_at_x09
4270,2141,9991_at_x09
4274,2142,9995_at_x13
4282,2145,10004_at_x03
4289,2146,9965_at_x07
4289,2147,9965_at_x12
4290,2149,2837_s_at_x01
4290,2150,2837_s_at_x06
4290,2151,2839_s_at_x02
4290,2152,9966_at_x10
4290,2153,9966_at_x11
4290,2154,9966_at_x12
4290,2155,9966_at_x14
4295,2156,9971_at_x01
4298,2157,9974_at_x15
4299,2158,9975_at_x08
4299,2159,9975_at_x07
4310,2161,9941_at_x04
4313,2163,9943_at_x09
4314,2164,9944_at_x09
4314,2165,9944_at_x10
4315,2166,9945_at_x11
4317,2167,9949_at_x05
4330,2170,9962_at_x02
4330,2171,9962_at_x15
4338,2172,9924_at_x09
4338,2173,9924_at_x07
4346,2175,9932_at_x02
4346,2176,9932_at_x01
4348,2177,9934_at_x12
4348,2178,9934_at_x11
4352,2179,9938_at_x09
4366,2180,9908_at_x05
4366,2181,9908_at_x07
4366,2182,9908_at_x08
4366,2183,9908_at_x09
4366,2184,9908_at_x11
4367,2185,9909_at_x08
4370,2188,9912_at_x14
4370,2189,9912_at_x12
4370,2190,9912_at_x09
4370,2191,9912_at_x08
4375,2192,9873_at_x09
4410,2211,9864_at_x15
4410,2212,9864_at_x14
4410,2213,9864_at_x13
4410,2214,9864_at_x12
4410,2215,9864_at_x11
4410,2216,9864_at_x10
4410,2217,9864_at_x09
4414,2218,9866_i_at_x09
4415,2218,9866_i_at_x09
4414,2219,9866_i_at_x07
4415,2219,9866_i_at_x07
4414,2220,9866_i_at_x06
4415,2220,9866_i_at_x06
4414,2221,9866_i_at_x05
4415,2221,9866_i_at_x05
4414,2222,9866_i_at_x04
4415,2222,9866_i_at_x04
4414,2223,9866_i_at_x03
4415,2223,9866_i_at_x03
4414,2224,9866_i_at_x02
4415,2224,9866_i_at_x02
4414,2225,9866_i_at_x01
4415,2225,9866_i_at_x01
4414,2226,9866_i_at_x00
4415,2226,9866_i_at_x00
4555,2227,9764_at_x09
4554,2228,9765_at_x15
4554,2229,9765_at_x03
4554,2230,9765_at_x00
4552,2231,9767_at_x03
4552,2232,9767_at_x10
4541,2237,9734_at_x03
4539,2238,9736_at_x00
4536,2239,2800_at_x07
4535,2240,2806_s_at_x02
4535,2241,2806_s_at_x03
4529,2242,9746_at_x10
4528,2243,9747_at_x04
4527,2246,9748_at_x07
4527,2247,9748_at_x13
4521,2248,9754_at_x01
4519,2249,9756_at_x15
4520,2249,9756_at_x15
4518,2250,9711_at_x10
4514,2252,9715_at_x04
4514,2253,9715_at_x09
4514,2254,9715_at_x10
4514,2255,9715_at_x12
4514,2256,9715_at_x13
4513,2257,9716_at_x05
4508,2258,9720_at_x13
4508,2259,9720_at_x14
4501,2261,9727_at_x12
4500,2262,9728_at_x07
4500,2263,9728_at_x02
4490,2264,9693_at_x13
4486,2266,9696_at_x08
4483,2267,9699_at_x10
4483,2268,9699_at_x03
4483,2269,9699_at_x02
4483,2270,9699_at_x01
4483,2271,9700_at_x02
4475,2272,9709_at_x03
4473,2273,9709_at_x03
4472,2274,9666_at_x06
4468,2279,9670_at_x04
4466,2280,9672_at_x06
4461,2281,9679_at_x11
4461,2282,9679_at_x12
4452,2283,9687_at_x04
4451,2284,9688_at_x10
4447,2288,9646_at_x13
4447,2289,9646_at_x12
4446,2290,9647_at_x02
4445,2291,9648_at_x13
4445,2292,9648_at_x12
4445,2293,9648_at_x04
4445,2294,9648_at_x03
4445,2295,9648_at_x02
4443,2296,9650_at_x01
4442,2297,9651_at_x00
4442,2298,9652_at_x12
4442,2299,9651_at_x02
4442,2300,9652_at_x11
4442,2301,9652_at_x10
4433,2302,9662_at_x02
4433,2303,9662_at_x07
4429,2304,9665_at_x15
4429,2305,9665_at_x14
4427,2306,9621_at_x02
4570,2309,9625_at_x00
4570,2310,9625_at_x01
4572,2311,9627_at_x09
4577,2312,9632_at_x00
4577,2313,9632_at_x09
4582,2321,9636_at_x01
4597,2322,9606_at_x08
4619,2330,2749_s_at_x02
4619,2331,9581_at_x09
4619,2332,9581_at_x10
4625,2333,9588_at_x01
4625,2334,9588_at_x02
4627,2335,9590_at_x06
4629,2336,9592_at_x03
4633,2337,9596_at_x00
4634,2338,9597_at_x10
4637,2339,9555_at_x03
4649,2340,9567_at_x12
4652,2341,9570_at_x06
4656,2342,9574_at_x06
4658,2343,9531_at_x15
4680,2361,9507_at_x11
4681,2362,9508_at_x12
4681,2363,9508_at_x10
4683,2364,9510_at_x08
4684,2365,9511_at_x02
4688,2370,9518_at_x11
4688,2371,9518_at_x12
4688,2372,9518_at_x14
4688,2373,9518_at_x15
4688,2374,9516_at_x06
4688,2375,9516_at_x12
4689,2376,9518_at_x11
4689,2377,9518_at_x12
4689,2378,9518_at_x14
4689,2379,9518_at_x15
4690,2380,9516_at_x06
4690,2381,9516_at_x12
4694,2382,9522_at_x06
4703,2383,9485_at_x00
4717,2384,9500_at_x15
4717,2385,9500_at_x14
4717,2386,9500_at_x13
4717,2387,9500_at_x02
4723,2392,9506_at_x13
4724,2393,9462_at_x13
4724,2394,9462_at_x14
4727,2395,9465_at_x13
4732,2396,9469_at_x13
4734,2397,9471_at_x12
4734,2398,9469_at_x13
4734,2399,9471_at_x00
4769,2402,9417_at_x14
4769,2403,9417_at_x15
4788,2404,9436_at_x04
4794,2405,9397_at_x01
4795,2406,9398_at_x05
4803,2407,9406_at_x01
4808,2408,2767_at_x06
4858,2411,9328_at_x14
4866,2412,2780_at_x03
4866,2413,2780_at_x04
4867,2414,2784_s_at_x02
4869,2418,9339_at_x01
4869,2419,9339_at_x00
4873,2420,9343_at_x04
4873,2421,9343_at_x03
4889,2422,2708_s_at_x02
4889,2422,2708_s_at_x02
4899,2423,9281_at_x07
4901,2423,9281_at_x07
4902,2424,9282_at_x00
4902,2425,9282_at_x01
4902,2426,9282_at_x13
4902,2427,9282_at_x14
4909,2428,9289_at_x08
4909,2429,9289_at_x07
4909,2430,9289_at_x06
4909,2431,9289_at_x05
4909,2432,9289_at_x00
4911,2433,3694_at_x10
5251,2434,9198_s_at_x06
5247,2435,9201_at_x04
5247,2436,9201_at_x03
5246,2437,9202_at_x02
5244,2438,9204_at_x02
5243,2439,9205_at_x13
5240,2440,9208_at_x15
5240,2441,9208_at_x08
5240,2442,9208_at_x04
5239,2443,9163_at_x03
5236,2444,9166_at_x15
5237,2444,9166_at_x15
5236,2445,9166_at_x09
5237,2445,9166_at_x09
5203,2451,9154_at_x06
5198,2455,9159_at_x00
5196,2456,9161_at_x03
5172,2457,9095_at_x09
5171,2458,9096_at_x12
5155,2461,9111_at_x03
5153,2462,9113_at_x02
5145,2463,9075_at_x04
5146,2463,9075_at_x04
5138,2464,9083_at_x08
5133,2465,9088_at_x09
5133,2466,9088_at_x10
5132,2467,9089_at_x12
5122,2471,9055_at_x14
5118,2472,9059_at_x07
5116,2473,9061_at_x01
5116,2474,9061_at_x00
5109,2475,9068_at_x08
5090,2476,2663_s_at_x04
5090,2476,2663_s_at_x04
5075,2479,9010_at_x13
5059,2480,9026_at_x07
5055,2481,8984_at_x09
5052,2482,8987_at_x10
5041,2483,8998_at_x00
5041,2484,8998_at_x08
5036,2485,9003_at_x07
5032,2486,8961_at_x10
5031,2490,8962_at_x11
5027,2491,8967_at_x01
4982,2494,8922_at_x03
4982,2495,8922_at_x11
4967,2498,8892_at_x08
4963,2499,8896_at_x09
4957,2505,8901_at_x13
4954,2506,8904_at_x03
4952,2508,8906_at_x10
4951,2509,8907_s_at_x03
4951,2510,8907_s_at_x09
4946,2511,8912_at_x12
4944,2512,8868_at_x02
4943,2513,8869_at_x00
4937,2518,8875_at_x13
4937,2519,8875_at_x07
4927,2520,8885_at_x15
4924,2521,8888_at_x13
5292,2524,8836_at_x00
5292,2525,8836_at_x15
5293,2526,8788_at_x00
5293,2527,8788_at_x01
5296,2530,8839_at_x00
5297,2531,8840_at_x09
5301,2532,8800_at_x14
5302,2532,8800_at_x14
5304,2533,8802_at_x04
5304,2534,8802_at_x05
5304,2535,8802_at_x06
5310,2536,8808_at_x06
5316,2537,8815_at_x15
5316,2538,8815_at_x01
5517,2539,8715_at_x10
5517,2540,8715_at_x08
5517,2541,8715_at_x07
5517,2542,8715_at_x06
5515,2567,2697_g_at_x00
5515,2568,2697_g_at_x01
5515,2569,2697_g_at_x02
5515,2570,2697_g_at_x03
5515,2571,2697_g_at_x05
5515,2572,2697_g_at_x06
5515,2573,2698_s_at_x00
5515,2574,2698_s_at_x01
5515,2575,2698_s_at_x02
5515,2576,2698_s_at_x03
5515,2577,2698_s_at_x04
5515,2578,2698_s_at_x05
5515,2579,2698_s_at_x06
5515,2580,2698_s_at_x07
5515,2581,8717_at_x00
5515,2582,8717_at_x04
5515,2583,8717_at_x05
5515,2584,8717_at_x06
5515,2585,8717_at_x07
5515,2586,8717_at_x08
5515,2587,8717_at_x10
5515,2588,8717_at_x11
5515,2589,8717_at_x14
5515,2590,8717_at_x15
5514,2591,8718_at_x00
5514,2592,8718_at_x03
5514,2593,8718_at_x04
5514,2594,8718_at_x05
5514,2595,8718_at_x06
5514,2596,8718_at_x09
5514,2597,8718_at_x10
5514,2598,8718_at_x11
5514,2599,8718_at_x12
5514,2600,8718_at_x13
5513,2601,8719_at_x00
5513,2602,8719_at_x01
5513,2603,8719_at_x02
5513,2604,8719_at_x03
5513,2605,8719_at_x04
5513,2606,8719_at_x05
5513,2607,8719_at_x06
5513,2608,8719_at_x07
5513,2609,8719_at_x08
5513,2610,8719_at_x09
5513,2611,8719_at_x11
5513,2612,8719_at_x13
5513,2613,8719_at_x14
5509,2618,8722_at_x11
5509,2619,8722_at_x10
5503,2626,8727_at_x01
5500,2632,8684_at_x15
5501,2632,8684_at_x15
5500,2633,8683_at_x07
5501,2633,8683_at_x07
5500,2634,8684_at_x14
5501,2634,8684_at_x14
5500,2635,8683_at_x08
5501,2635,8683_at_x08
5500,2636,8684_at_x08
5501,2636,8684_at_x08
5500,2637,8684_at_x07
5501,2637,8684_at_x07
5500,2638,8683_at_x12
5501,2638,8683_at_x12
5497,2639,8687_at_x14
5497,2640,8687_at_x00
5493,2641,8691_at_x08
5490,2642,8694_at_x09
5480,2643,8704_at_x03
5473,2644,8666_at_x04
5473,2645,8666_at_x05
5473,2646,8666_at_x06
5468,2647,8670_at_x15
5468,2648,8670_at_x00
5467,2649,8671_at_x09
5463,2650,8675_at_x06
5463,2651,8675_at_x07
5463,2652,8675_at_x08
5463,2653,8675_at_x13
5461,2655,8677_at_x08
5456,2656,8682_at_x06
5456,2657,8682_at_x07
5456,2658,8682_at_x10
5456,2659,8682_at_x11
5456,2660,8682_at_x12
5456,2661,8682_at_x13
5454,2662,8639_at_x04
5449,2663,8644_at_x02
5450,2663,8644_at_x02
5450,2663,8644_at_x02
5444,2667,8649_at_x15
5444,2668,8649_at_x14
5443,2670,8650_at_x11
5442,2671,8651_at_x00
5439,2672,8654_at_x07
5438,2673,8655_at_x06
5438,2674,8655_at_x03
5430,2676,2619_s_at_x03
5430,2678,2624_s_at_x03
5430,2679,8617_at_x10
5430,2680,8617_at_x12
5430,2681,8617_at_x13
5429,2682,8618_at_x04
5422,2683,8624_at_x10
5416,2684,8630_at_x01
5414,2685,8632_at_x02
5413,2686,8633_at_x07
5411,2687,8635_at_x01
5407,2688,8593_at_x12
5391,2689,8609_at_x00
5374,2694,8580_at_x14
5373,2695,8581_at_x04
5372,2696,8582_at_x01
5372,2697,8582_at_x02
5371,2698,8583_at_x10
5368,2699,8586_at_x12
5362,2701,8547_at_x10
5362,2702,8547_at_x11
5359,2703,8095_at_x01
5359,2704,8095_at_x02
5359,2705,8095_at_x03
5523,2706,8567_at_x07
5532,2708,8531_at_x04
5532,2709,8531_at_x11
5538,2710,8537_at_x15
5544,2711,8543_at_x02
5545,2712,8544_at_x12
5546,2713,8545_at_x05
5546,2714,8545_at_x06
5548,2715,8502_at_x05
5548,2716,8502_at_x06
5548,2717,8502_at_x08
5548,2718,8502_at_x09
5548,2719,8502_at_x15
5552,2720,8506_at_x05
5559,2721,8513_at_x05
5559,2722,8513_at_x06
5562,2727,8516_at_x00
5563,2728,8517_at_x08
5567,2731,8521_at_x07
5569,2732,8523_at_x04
5570,2733,8524_at_x14
5570,2734,8524_at_x02
5571,2735,8480_at_x00
5573,2736,8482_at_x04
5578,2743,8487_at_x10
5578,2744,8487_at_x05
5582,2745,8491_at_x11
5583,2746,8492_at_x01
5591,2747,8499_at_x05
5595,2749,8457_at_x12
5595,2750,8457_at_x08
5595,2751,8457_at_x00
5596,2752,8458_at_x15
5599,2753,8461_at_x00
5603,2754,8465_at_x11
5606,2755,8468_at_x14
5606,2756,8469_g_at_x02
5607,2756,8469_g_at_x02
5606,2757,8469_g_at_x03
5607,2757,8469_g_at_x03
5606,2758,8469_g_at_x04
5607,2758,8469_g_at_x04
5606,2759,8469_g_at_x05
5607,2759,8469_g_at_x05
5606,2760,8469_g_at_x10
5607,2760,8469_g_at_x10
5606,2761,8469_g_at_x11
5607,2761,8469_g_at_x11
5606,2762,8469_g_at_x13
5607,2762,8469_g_at_x13
5608,2763,8471_at_x08
5609,2764,8472_at_x13
5609,2765,8472_at_x12
5609,2766,8472_at_x11
5611,2767,8474_at_x06
5620,2768,8438_at_x08
5620,2769,8438_at_x09
5621,2770,8439_at_x11
5622,2770,8439_at_x11
5625,2771,8443_at_x09
5625,2772,8443_at_x10
5634,2777,8452_at_x07
5636,2778,8454_at_x09
5639,2779,8413_at_x15
5640,2779,8413_at_x15
5646,2780,8419_at_x07
5650,2786,8423_at_x05
5650,2787,8423_at_x04
5654,2788,8427_at_x08
5655,2788,8427_at_x08
5655,2789,8428_at_x10
5658,2790,8431_at_x01
5659,2790,8431_at_x01
5658,2791,8431_at_x00
5659,2791,8431_at_x00
5659,2792,8432_at_x05
5659,2793,8432_at_x12
5661,2794,8389_at_x15
5663,2796,8391_at_x07
5672,2798,2641_g_at_x01
5677,2799,8405_at_x11
5677,2800,8405_at_x12
5735,2811,8327_at_x15
5754,2812,8301_at_x05
5767,2814,8314_g_at_x10
5768,2814,8314_g_at_x10
5771,2815,8318_at_x06
5771,2816,8318_at_x01
5773,2817,8274_at_x07
5776,2818,8277_at_x14
5783,2819,8284_at_x08
5784,2819,8284_at_x08
5794,2820,8295_at_x01
5801,2824,8257_at_x14
5811,2829,2659_g_at_x00
5811,2830,2575_s_at_x00
5811,2831,2575_s_at_x07
5811,2832,2576_s_at_x07
5812,2833,8268_at_x07
5827,2836,8240_at_x03
5849,2837,8216_at_x05
5852,2838,8219_at_x06
5857,2839,8224_at_x09
5866,2840,8187_at_x00
5894,2842,8170_at_x15
5894,2843,8170_at_x09
5894,2844,8170_at_x08
5908,2845,8139_at_x06
5908,2846,8139_at_x10
5912,2847,8143_at_x00
6183,2848,7995_at_x11
6183,2849,7995_at_x12
6174,2850,8004_at_x01
6174,2851,8004_at_x00
6120,2867,7968_at_x04
6110,2868,7932_at_x02
6107,2869,7935_at_x02
6091,2870,7906_at_x03
6085,2871,7912_at_x09
6085,2872,7912_at_x08
6079,2874,7918_at_x13
6074,2875,7923_at_x15
6071,2876,7881_at_x04
6050,2877,7857_at_x00
6040,2878,7866_at_x01
6041,2878,7866_at_x01
6022,2879,7840_at_x15
6022,2880,7840_at_x06
6012,2881,2532_g_at_x07
5998,2883,7818_at_x01
5992,2884,7824_at_x15
5991,2885,7825_at_x10
5991,2886,7825_at_x01
5991,2887,7825_at_x00
5983,2902,7833_at_x15
5983,2903,7833_at_x14
5982,2904,7788_at_x06
5976,2905,7794_at_x09
5962,2906,7808_at_x12
5962,2907,7808_at_x11
5961,2908,7808_at_x02
5962,2908,7808_at_x02
5959,2909,7766_at_x08
5958,2910,7767_at_x07
5957,2911,7768_at_x15
5954,2913,7771_at_x10
5954,2914,7771_at_x11
5954,2915,7771_at_x12
5948,2916,7777_at_x07
5948,2917,7777_at_x08
5943,2918,2565_s_at_x02
5939,2919,7786_at_x15
5936,2920,7744_at_x09
5936,2921,7744_at_x08
5934,2922,7746_at_x08
5934,2923,7746_at_x06
5933,2924,2492_f_at_x04
5928,2925,7752_at_x07
6228,2926,7722_at_x06
6235,2927,7728_at_x15
6235,2928,7728_at_x14
6236,2929,7729_at_x12
6240,2930,7733_at_x00
6240,2931,7733_at_x01
6241,2932,7734_at_x11
6297,2935,7658_at_x09
6302,2936,7663_at_x13
6303,2936,7663_at_x13
6326,2942,7643_at_x08
6339,2943,7610_at_x10
6362,2947,7589_at_x13
6392,2948,7573_at_x12
6392,2949,7573_at_x13
6397,2950,7578_at_x03
6398,2951,7579_at_x09
6413,2956,7548_at_x14
6413,2957,7548_at_x15